"image","xmin","ymin","xmax","ymax","label"
"00000001.png",327,859,393,906,"zebrafish"
"00000001.png",753,746,769,809,"zebrafish"
"00000001.png",571,744,632,797,"zebrafish"
"00000001.png",385,692,463,720,"zebrafish"
"00000001.png",229,662,250,741,"zebrafish"
"00000001.png",518,482,589,528,"zebrafish"
"00000001.png",627,403,696,448,"zebrafish"
"00000001.png",404,397,421,473,"zebrafish"
"00000001.png",718,292,758,362,"zebrafish"
"00000001.png",792,258,856,317,"zebrafish"
"00000001.png",199,251,271,288,"zebrafish"
"00000001.png",388,118,466,143,"zebrafish"
"00000002.png",328,859,393,906,"zebrafish"
"00000002.png",571,744,632,798,"zebrafish"
"00000002.png",753,736,770,810,"zebrafish"
"00000002.png",385,692,463,721,"zebrafish"
"00000002.png",229,662,250,741,"zebrafish"
"00000002.png",517,482,589,528,"zebrafish"
"00000002.png",628,403,696,448,"zebrafish"
"00000002.png",403,392,421,473,"zebrafish"
"00000002.png",718,293,758,362,"zebrafish"
"00000002.png",792,258,856,318,"zebrafish"
"00000002.png",199,251,275,290,"zebrafish"
"00000002.png",394,118,467,142,"zebrafish"
"00000003.png",327,859,393,906,"zebrafish"
"00000003.png",571,744,632,797,"zebrafish"
"00000003.png",752,743,770,812,"zebrafish"
"00000003.png",384,692,463,720,"zebrafish"
"00000003.png",229,662,250,741,"zebrafish"
"00000003.png",517,483,585,528,"zebrafish"
"00000003.png",627,403,696,448,"zebrafish"
"00000003.png",404,397,421,473,"zebrafish"
"00000003.png",718,293,758,362,"zebrafish"
"00000003.png",792,258,856,317,"zebrafish"
"00000003.png",199,251,275,290,"zebrafish"
"00000003.png",393,118,467,142,"zebrafish"
"00000004.png",328,859,393,906,"zebrafish"
"00000004.png",752,746,770,813,"zebrafish"
"00000004.png",567,744,632,802,"zebrafish"
"00000004.png",384,692,463,720,"zebrafish"
"00000004.png",229,662,250,741,"zebrafish"
"00000004.png",517,482,589,528,"zebrafish"
"00000004.png",628,403,697,448,"zebrafish"
"00000004.png",403,397,421,473,"zebrafish"
"00000004.png",718,293,758,362,"zebrafish"
"00000004.png",793,258,856,316,"zebrafish"
"00000004.png",199,251,275,290,"zebrafish"
"00000004.png",389,118,467,143,"zebrafish"
"00000005.png",328,859,394,906,"zebrafish"
"00000005.png",572,744,632,797,"zebrafish"
"00000005.png",753,735,770,815,"zebrafish"
"00000005.png",384,692,463,721,"zebrafish"
"00000005.png",229,661,250,741,"zebrafish"
"00000005.png",517,482,589,528,"zebrafish"
"00000005.png",628,403,697,448,"zebrafish"
"00000005.png",404,397,421,473,"zebrafish"
"00000005.png",718,292,758,362,"zebrafish"
"00000005.png",793,258,856,315,"zebrafish"
"00000005.png",199,251,275,290,"zebrafish"
"00000005.png",393,118,467,142,"zebrafish"
"00000006.png",327,859,393,906,"zebrafish"
"00000006.png",753,744,770,816,"zebrafish"
"00000006.png",566,742,631,795,"zebrafish"
"00000006.png",384,692,462,720,"zebrafish"
"00000006.png",229,662,250,741,"zebrafish"
"00000006.png",517,482,589,528,"zebrafish"
"00000006.png",628,403,696,448,"zebrafish"
"00000006.png",403,397,421,473,"zebrafish"
"00000006.png",718,293,758,362,"zebrafish"
"00000006.png",805,264,858,318,"zebrafish"
"00000006.png",199,251,274,290,"zebrafish"
"00000006.png",393,118,467,142,"zebrafish"
"00000007.png",327,859,393,906,"zebrafish"
"00000007.png",753,744,770,817,"zebrafish"
"00000007.png",580,740,632,797,"zebrafish"
"00000007.png",384,692,463,720,"zebrafish"
"00000007.png",229,662,250,741,"zebrafish"
"00000007.png",517,483,585,528,"zebrafish"
"00000007.png",627,403,696,448,"zebrafish"
"00000007.png",404,397,421,473,"zebrafish"
"00000007.png",718,293,758,362,"zebrafish"
"00000007.png",797,267,861,306,"zebrafish"
"00000007.png",203,247,271,283,"zebrafish"
"00000007.png",394,118,467,142,"zebrafish"
"00000008.png",327,859,394,906,"zebrafish"
"00000008.png",753,744,770,817,"zebrafish"
"00000008.png",581,735,636,792,"zebrafish"
"00000008.png",384,692,463,720,"zebrafish"
"00000008.png",229,662,250,740,"zebrafish"
"00000008.png",517,482,588,529,"zebrafish"
"00000008.png",627,403,696,448,"zebrafish"
"00000008.png",403,392,421,473,"zebrafish"
"00000008.png",718,293,758,362,"zebrafish"
"00000008.png",794,266,866,293,"zebrafish"
"00000008.png",205,243,259,294,"zebrafish"
"00000008.png",389,118,467,143,"zebrafish"
"00000009.png",327,859,393,906,"zebrafish"
"00000009.png",753,749,770,817,"zebrafish"
"00000009.png",586,729,637,792,"zebrafish"
"00000009.png",385,693,463,720,"zebrafish"
"00000009.png",229,660,250,740,"zebrafish"
"00000009.png",517,484,585,528,"zebrafish"
"00000009.png",627,403,696,448,"zebrafish"
"00000009.png",403,391,421,473,"zebrafish"
"00000009.png",718,293,758,362,"zebrafish"
"00000009.png",800,268,870,298,"zebrafish"
"00000009.png",202,240,254,303,"zebrafish"
"00000009.png",388,118,467,143,"zebrafish"
"00000010.png",328,859,394,906,"zebrafish"
"00000010.png",753,751,770,817,"zebrafish"
"00000010.png",590,721,643,787,"zebrafish"
"00000010.png",405,684,452,726,"zebrafish"
"00000010.png",229,662,250,741,"zebrafish"
"00000010.png",517,482,588,528,"zebrafish"
"00000010.png",628,403,696,448,"zebrafish"
"00000010.png",403,391,421,473,"zebrafish"
"00000010.png",718,293,758,362,"zebrafish"
"00000010.png",798,267,877,286,"zebrafish"
"00000010.png",200,234,240,305,"zebrafish"
"00000010.png",394,118,467,142,"zebrafish"
"00000011.png",328,859,393,906,"zebrafish"
"00000011.png",753,750,770,817,"zebrafish"
"00000011.png",600,720,644,786,"zebrafish"
"00000011.png",401,679,457,729,"zebrafish"
"00000011.png",229,662,250,741,"zebrafish"
"00000011.png",517,482,588,528,"zebrafish"
"00000011.png",627,403,696,447,"zebrafish"
"00000011.png",403,391,421,473,"zebrafish"
"00000011.png",718,293,758,362,"zebrafish"
"00000011.png",798,268,878,285,"zebrafish"
"00000011.png",201,232,248,301,"zebrafish"
"00000011.png",394,119,466,142,"zebrafish"
"00000012.png",328,859,393,906,"zebrafish"
"00000012.png",753,750,770,817,"zebrafish"
"00000012.png",598,718,645,790,"zebrafish"
"00000012.png",401,678,458,732,"zebrafish"
"00000012.png",229,661,250,741,"zebrafish"
"00000012.png",517,484,585,528,"zebrafish"
"00000012.png",639,399,697,442,"zebrafish"
"00000012.png",403,391,421,473,"zebrafish"
"00000012.png",718,294,758,362,"zebrafish"
"00000012.png",804,268,879,286,"zebrafish"
"00000012.png",200,231,241,304,"zebrafish"
"00000012.png",394,119,467,142,"zebrafish"
"00000013.png",327,859,393,906,"zebrafish"
"00000013.png",753,749,770,817,"zebrafish"
"00000013.png",600,718,645,785,"zebrafish"
"00000013.png",405,680,458,734,"zebrafish"
"00000013.png",229,661,250,741,"zebrafish"
"00000013.png",516,482,587,528,"zebrafish"
"00000013.png",635,405,699,442,"zebrafish"
"00000013.png",403,391,421,473,"zebrafish"
"00000013.png",718,294,758,362,"zebrafish"
"00000013.png",804,268,879,285,"zebrafish"
"00000013.png",200,230,239,300,"zebrafish"
"00000013.png",388,118,467,143,"zebrafish"
"00000014.png",328,859,393,906,"zebrafish"
"00000014.png",753,749,770,817,"zebrafish"
"00000014.png",601,717,646,786,"zebrafish"
"00000014.png",414,677,462,738,"zebrafish"
"00000014.png",230,662,250,741,"zebrafish"
"00000014.png",516,483,585,528,"zebrafish"
"00000014.png",630,419,706,444,"zebrafish"
"00000014.png",403,398,421,473,"zebrafish"
"00000014.png",718,293,758,362,"zebrafish"
"00000014.png",799,267,880,285,"zebrafish"
"00000014.png",200,230,240,304,"zebrafish"
"00000014.png",389,119,467,143,"zebrafish"
"00000015.png",328,859,394,906,"zebrafish"
"00000015.png",753,751,770,817,"zebrafish"
"00000015.png",600,716,646,786,"zebrafish"
"00000015.png",418,677,463,741,"zebrafish"
"00000015.png",229,662,250,741,"zebrafish"
"00000015.png",517,482,589,528,"zebrafish"
"00000015.png",635,423,711,445,"zebrafish"
"00000015.png",403,391,421,473,"zebrafish"
"00000015.png",718,294,758,362,"zebrafish"
"00000015.png",798,267,880,285,"zebrafish"
"00000015.png",199,229,235,302,"zebrafish"
"00000015.png",388,118,467,143,"zebrafish"
"00000016.png",328,859,394,906,"zebrafish"
"00000016.png",753,749,770,817,"zebrafish"
"00000016.png",601,716,646,785,"zebrafish"
"00000016.png",420,677,464,741,"zebrafish"
"00000016.png",230,662,250,741,"zebrafish"
"00000016.png",517,482,588,529,"zebrafish"
"00000016.png",633,423,713,445,"zebrafish"
"00000016.png",403,391,421,474,"zebrafish"
"00000016.png",718,294,758,362,"zebrafish"
"00000016.png",804,267,880,285,"zebrafish"
"00000016.png",199,230,236,306,"zebrafish"
"00000016.png",389,118,467,143,"zebrafish"
"00000017.png",327,859,393,906,"zebrafish"
"00000017.png",753,749,770,817,"zebrafish"
"00000017.png",601,715,646,786,"zebrafish"
"00000017.png",416,672,463,741,"zebrafish"
"00000017.png",230,662,250,741,"zebrafish"
"00000017.png",517,484,585,529,"zebrafish"
"00000017.png",633,426,713,445,"zebrafish"
"00000017.png",403,397,421,473,"zebrafish"
"00000017.png",718,294,759,362,"zebrafish"
"00000017.png",805,267,880,285,"zebrafish"
"00000017.png",200,229,234,301,"zebrafish"
"00000017.png",393,118,467,142,"zebrafish"
"00000018.png",328,859,394,906,"zebrafish"
"00000018.png",753,749,770,817,"zebrafish"
"00000018.png",601,715,647,786,"zebrafish"
"00000018.png",415,671,464,740,"zebrafish"
"00000018.png",229,660,250,741,"zebrafish"
"00000018.png",517,482,588,528,"zebrafish"
"00000018.png",633,426,714,445,"zebrafish"
"00000018.png",403,391,421,473,"zebrafish"
"00000018.png",718,294,758,362,"zebrafish"
"00000018.png",805,268,880,286,"zebrafish"
"00000018.png",199,230,234,302,"zebrafish"
"00000018.png",388,119,467,143,"zebrafish"
"00000019.png",327,859,394,906,"zebrafish"
"00000019.png",753,752,770,817,"zebrafish"
"00000019.png",601,715,646,785,"zebrafish"
"00000019.png",416,672,464,740,"zebrafish"
"00000019.png",230,659,250,741,"zebrafish"
"00000019.png",517,484,585,528,"zebrafish"
"00000019.png",633,427,714,445,"zebrafish"
"00000019.png",403,391,421,473,"zebrafish"
"00000019.png",718,295,758,362,"zebrafish"
"00000019.png",805,267,881,285,"zebrafish"
"00000019.png",200,230,234,304,"zebrafish"
"00000019.png",388,119,466,143,"zebrafish"
"00000020.png",327,859,394,906,"zebrafish"
"00000020.png",753,749,770,817,"zebrafish"
"00000020.png",601,715,647,786,"zebrafish"
"00000020.png",416,672,463,740,"zebrafish"
"00000020.png",229,659,250,741,"zebrafish"
"00000020.png",517,482,587,529,"zebrafish"
"00000020.png",633,427,714,445,"zebrafish"
"00000020.png",403,391,421,473,"zebrafish"
"00000020.png",718,294,758,362,"zebrafish"
"00000020.png",799,268,881,286,"zebrafish"
"00000020.png",199,230,234,304,"zebrafish"
"00000020.png",394,119,467,142,"zebrafish"
"00000021.png",328,859,393,906,"zebrafish"
"00000021.png",753,749,770,817,"zebrafish"
"00000021.png",602,715,647,783,"zebrafish"
"00000021.png",416,671,463,740,"zebrafish"
"00000021.png",229,661,250,741,"zebrafish"
"00000021.png",523,491,586,532,"zebrafish"
"00000021.png",632,427,714,445,"zebrafish"
"00000021.png",403,392,421,473,"zebrafish"
"00000021.png",718,294,758,362,"zebrafish"
"00000021.png",799,268,881,286,"zebrafish"
"00000021.png",200,230,234,304,"zebrafish"
"00000021.png",389,118,467,143,"zebrafish"
"00000022.png",327,859,394,906,"zebrafish"
"00000022.png",753,749,770,817,"zebrafish"
"00000022.png",601,715,647,787,"zebrafish"
"00000022.png",416,671,463,740,"zebrafish"
"00000022.png",230,659,250,741,"zebrafish"
"00000022.png",530,484,566,530,"zebrafish"
"00000022.png",632,427,714,445,"zebrafish"
"00000022.png",403,391,421,473,"zebrafish"
"00000022.png",718,294,758,362,"zebrafish"
"00000022.png",805,268,881,286,"zebrafish"
"00000022.png",200,230,235,306,"zebrafish"
"00000022.png",388,118,467,143,"zebrafish"
"00000023.png",328,859,393,906,"zebrafish"
"00000023.png",753,749,771,817,"zebrafish"
"00000023.png",603,715,647,783,"zebrafish"
"00000023.png",416,671,464,740,"zebrafish"
"00000023.png",230,660,250,741,"zebrafish"
"00000023.png",530,477,559,531,"zebrafish"
"00000023.png",632,427,714,445,"zebrafish"
"00000023.png",403,391,421,473,"zebrafish"
"00000023.png",718,295,758,362,"zebrafish"
"00000023.png",805,268,881,286,"zebrafish"
"00000023.png",200,230,234,304,"zebrafish"
"00000023.png",389,118,466,143,"zebrafish"
"00000024.png",327,859,394,906,"zebrafish"
"00000024.png",753,749,770,817,"zebrafish"
"00000024.png",601,714,647,787,"zebrafish"
"00000024.png",418,672,463,740,"zebrafish"
"00000024.png",229,659,250,741,"zebrafish"
"00000024.png",529,466,559,536,"zebrafish"
"00000024.png",632,427,714,445,"zebrafish"
"00000024.png",403,391,421,473,"zebrafish"
"00000024.png",718,294,758,362,"zebrafish"
"00000024.png",805,268,881,286,"zebrafish"
"00000024.png",200,230,234,304,"zebrafish"
"00000024.png",388,119,466,143,"zebrafish"
"00000025.png",327,859,393,906,"zebrafish"
"00000025.png",753,749,770,817,"zebrafish"
"00000025.png",601,714,647,787,"zebrafish"
"00000025.png",418,672,463,740,"zebrafish"
"00000025.png",229,659,250,741,"zebrafish"
"00000025.png",529,471,564,534,"zebrafish"
"00000025.png",638,427,714,445,"zebrafish"
"00000025.png",403,391,421,473,"zebrafish"
"00000025.png",718,295,758,362,"zebrafish"
"00000025.png",798,268,881,286,"zebrafish"
"00000025.png",200,230,233,303,"zebrafish"
"00000025.png",389,118,466,143,"zebrafish"
"00000026.png",327,859,392,907,"zebrafish"
"00000026.png",753,749,770,817,"zebrafish"
"00000026.png",604,714,647,783,"zebrafish"
"00000026.png",418,672,463,740,"zebrafish"
"00000026.png",229,662,250,741,"zebrafish"
"00000026.png",517,475,566,537,"zebrafish"
"00000026.png",631,427,714,445,"zebrafish"
"00000026.png",403,391,421,473,"zebrafish"
"00000026.png",718,295,758,362,"zebrafish"
"00000026.png",798,268,881,286,"zebrafish"
"00000026.png",200,230,233,303,"zebrafish"
"00000026.png",393,118,466,142,"zebrafish"
"00000027.png",332,868,382,909,"zebrafish"
"00000027.png",753,751,770,817,"zebrafish"
"00000027.png",601,714,647,787,"zebrafish"
"00000027.png",419,674,463,741,"zebrafish"
"00000027.png",230,659,250,741,"zebrafish"
"00000027.png",515,480,570,540,"zebrafish"
"00000027.png",631,427,714,445,"zebrafish"
"00000027.png",403,391,421,473,"zebrafish"
"00000027.png",718,294,758,362,"zebrafish"
"00000027.png",798,268,881,286,"zebrafish"
"00000027.png",200,230,233,302,"zebrafish"
"00000027.png",394,119,467,142,"zebrafish"
"00000028.png",347,866,386,898,"zebrafish"
"00000028.png",753,749,770,817,"zebrafish"
"00000028.png",601,714,647,787,"zebrafish"
"00000028.png",418,672,463,741,"zebrafish"
"00000028.png",229,659,250,741,"zebrafish"
"00000028.png",522,481,574,541,"zebrafish"
"00000028.png",638,427,714,445,"zebrafish"
"00000028.png",403,391,421,473,"zebrafish"
"00000028.png",718,295,758,362,"zebrafish"
"00000028.png",798,268,881,286,"zebrafish"
"00000028.png",200,230,233,303,"zebrafish"
"00000028.png",387,118,467,143,"zebrafish"
"00000029.png",341,859,390,896,"zebrafish"
"00000029.png",753,751,770,816,"zebrafish"
"00000029.png",602,714,647,786,"zebrafish"
"00000029.png",420,675,463,741,"zebrafish"
"00000029.png",230,662,250,741,"zebrafish"
"00000029.png",512,494,576,546,"zebrafish"
"00000029.png",634,427,714,445,"zebrafish"
"00000029.png",403,391,421,473,"zebrafish"
"00000029.png",718,295,758,362,"zebrafish"
"00000029.png",798,268,881,286,"zebrafish"
"00000029.png",200,230,233,303,"zebrafish"
"00000029.png",388,118,466,143,"zebrafish"
"00000030.png",333,870,403,906,"zebrafish"
"00000030.png",753,749,771,817,"zebrafish"
"00000030.png",603,714,647,785,"zebrafish"
"00000030.png",418,672,463,740,"zebrafish"
"00000030.png",230,659,250,741,"zebrafish"
"00000030.png",522,488,579,548,"zebrafish"
"00000030.png",632,427,714,445,"zebrafish"
"00000030.png",403,391,421,473,"zebrafish"
"00000030.png",718,294,758,362,"zebrafish"
"00000030.png",798,268,881,286,"zebrafish"
"00000030.png",200,230,233,304,"zebrafish"
"00000030.png",387,119,467,143,"zebrafish"
"00000031.png",325,864,388,909,"zebrafish"
"00000031.png",753,752,770,816,"zebrafish"
"00000031.png",604,714,647,783,"zebrafish"
"00000031.png",420,675,462,740,"zebrafish"
"00000031.png",230,662,250,740,"zebrafish"
"00000031.png",519,492,579,548,"zebrafish"
"00000031.png",632,427,714,445,"zebrafish"
"00000031.png",403,391,421,473,"zebrafish"
"00000031.png",718,295,758,362,"zebrafish"
"00000031.png",798,268,881,286,"zebrafish"
"00000031.png",200,231,234,307,"zebrafish"
"00000031.png",394,119,467,142,"zebrafish"
"00000032.png",322,874,391,913,"zebrafish"
"00000032.png",753,752,770,817,"zebrafish"
"00000032.png",601,714,647,787,"zebrafish"
"00000032.png",421,689,459,736,"zebrafish"
"00000032.png",230,662,250,741,"zebrafish"
"00000032.png",518,492,579,548,"zebrafish"
"00000032.png",632,427,714,445,"zebrafish"
"00000032.png",403,391,421,473,"zebrafish"
"00000032.png",718,295,758,362,"zebrafish"
"00000032.png",798,268,881,286,"zebrafish"
"00000032.png",200,231,234,307,"zebrafish"
"00000032.png",388,119,467,143,"zebrafish"
"00000033.png",318,865,388,914,"zebrafish"
"00000033.png",753,749,770,817,"zebrafish"
"00000033.png",601,714,647,787,"zebrafish"
"00000033.png",419,685,471,725,"zebrafish"
"00000033.png",229,662,250,741,"zebrafish"
"00000033.png",518,492,579,548,"zebrafish"
"00000033.png",632,427,715,445,"zebrafish"
"00000033.png",403,391,421,473,"zebrafish"
"00000033.png",718,295,758,362,"zebrafish"
"00000033.png",798,268,881,286,"zebrafish"
"00000033.png",205,231,237,306,"zebrafish"
"00000033.png",394,118,466,142,"zebrafish"
"00000034.png",318,867,388,915,"zebrafish"
"00000034.png",753,749,770,817,"zebrafish"
"00000034.png",602,714,647,786,"zebrafish"
"00000034.png",413,690,482,729,"zebrafish"
"00000034.png",230,659,250,739,"zebrafish"
"00000034.png",518,493,579,548,"zebrafish"
"00000034.png",631,427,714,445,"zebrafish"
"00000034.png",403,391,421,473,"zebrafish"
"00000034.png",718,295,758,362,"zebrafish"
"00000034.png",798,268,880,286,"zebrafish"
"00000034.png",196,244,234,284,"zebrafish"
"00000034.png",388,119,467,143,"zebrafish"
"00000035.png",317,867,388,916,"zebrafish"
"00000035.png",753,749,770,817,"zebrafish"
"00000035.png",603,714,647,786,"zebrafish"
"00000035.png",408,691,471,728,"zebrafish"
"00000035.png",227,678,257,737,"zebrafish"
"00000035.png",516,491,579,548,"zebrafish"
"00000035.png",632,427,714,445,"zebrafish"
"00000035.png",403,391,421,473,"zebrafish"
"00000035.png",718,294,759,362,"zebrafish"
"00000035.png",798,268,881,286,"zebrafish"
"00000035.png",186,244,242,285,"zebrafish"
"00000035.png",387,119,467,143,"zebrafish"
"00000036.png",317,867,389,916,"zebrafish"
"00000036.png",753,751,770,817,"zebrafish"
"00000036.png",603,714,647,786,"zebrafish"
"00000036.png",405,704,480,731,"zebrafish"
"00000036.png",222,673,257,738,"zebrafish"
"00000036.png",516,491,579,548,"zebrafish"
"00000036.png",632,427,714,445,"zebrafish"
"00000036.png",403,391,421,473,"zebrafish"
"00000036.png",718,295,758,362,"zebrafish"
"00000036.png",798,268,880,286,"zebrafish"
"00000036.png",177,240,246,275,"zebrafish"
"00000036.png",394,119,467,142,"zebrafish"
"00000037.png",317,867,388,916,"zebrafish"
"00000037.png",753,749,771,817,"zebrafish"
"00000037.png",602,714,647,787,"zebrafish"
"00000037.png",401,697,467,731,"zebrafish"
"00000037.png",218,679,256,741,"zebrafish"
"00000037.png",517,492,579,548,"zebrafish"
"00000037.png",632,427,714,445,"zebrafish"
"00000037.png",403,391,421,473,"zebrafish"
"00000037.png",718,295,759,362,"zebrafish"
"00000037.png",798,268,880,286,"zebrafish"
"00000037.png",184,242,250,283,"zebrafish"
"00000037.png",394,119,467,142,"zebrafish"
"00000038.png",317,867,388,917,"zebrafish"
"00000038.png",753,751,771,817,"zebrafish"
"00000038.png",603,714,647,786,"zebrafish"
"00000038.png",397,706,470,733,"zebrafish"
"00000038.png",224,680,262,745,"zebrafish"
"00000038.png",517,493,579,548,"zebrafish"
"00000038.png",632,427,714,445,"zebrafish"
"00000038.png",403,391,421,473,"zebrafish"
"00000038.png",718,295,758,362,"zebrafish"
"00000038.png",798,268,880,285,"zebrafish"
"00000038.png",185,237,255,267,"zebrafish"
"00000038.png",388,119,467,143,"zebrafish"
"00000039.png",317,867,388,917,"zebrafish"
"00000039.png",753,746,770,817,"zebrafish"
"00000039.png",603,714,647,786,"zebrafish"
"00000039.png",394,699,467,733,"zebrafish"
"00000039.png",218,690,260,750,"zebrafish"
"00000039.png",517,492,579,548,"zebrafish"
"00000039.png",631,427,714,445,"zebrafish"
"00000039.png",400,396,420,473,"zebrafish"
"00000039.png",718,294,758,362,"zebrafish"
"00000039.png",822,257,866,293,"zebrafish"
"00000039.png",198,235,262,279,"zebrafish"
"00000039.png",387,119,467,143,"zebrafish"
"00000040.png",317,867,388,917,"zebrafish"
"00000040.png",754,749,770,817,"zebrafish"
"00000040.png",603,714,647,786,"zebrafish"
"00000040.png",392,706,463,733,"zebrafish"
"00000040.png",229,683,264,755,"zebrafish"
"00000040.png",517,493,579,548,"zebrafish"
"00000040.png",632,427,714,445,"zebrafish"
"00000040.png",394,411,432,468,"zebrafish"
"00000040.png",718,294,758,362,"zebrafish"
"00000040.png",825,269,867,298,"zebrafish"
"00000040.png",194,231,267,269,"zebrafish"
"00000040.png",394,119,467,142,"zebrafish"
"00000041.png",317,867,387,917,"zebrafish"
"00000041.png",753,746,770,817,"zebrafish"
"00000041.png",603,714,647,786,"zebrafish"
"00000041.png",392,704,467,734,"zebrafish"
"00000041.png",227,690,265,758,"zebrafish"
"00000041.png",517,493,579,548,"zebrafish"
"00000041.png",631,427,714,445,"zebrafish"
"00000041.png",391,410,434,476,"zebrafish"
"00000041.png",718,294,758,362,"zebrafish"
"00000041.png",809,266,877,293,"zebrafish"
"00000041.png",205,227,272,276,"zebrafish"
"00000041.png",387,119,466,143,"zebrafish"
"00000042.png",317,867,387,917,"zebrafish"
"00000042.png",753,750,770,817,"zebrafish"
"00000042.png",603,714,647,786,"zebrafish"
"00000042.png",392,706,458,734,"zebrafish"
"00000042.png",229,690,266,759,"zebrafish"
"00000042.png",517,493,579,548,"zebrafish"
"00000042.png",631,427,714,445,"zebrafish"
"00000042.png",390,413,439,478,"zebrafish"
"00000042.png",718,295,759,362,"zebrafish"
"00000042.png",797,269,862,304,"zebrafish"
"00000042.png",209,226,274,271,"zebrafish"
"00000042.png",387,119,467,143,"zebrafish"
"00000043.png",317,866,387,917,"zebrafish"
"00000043.png",753,751,771,817,"zebrafish"
"00000043.png",603,714,647,786,"zebrafish"
"00000043.png",392,705,463,734,"zebrafish"
"00000043.png",230,689,266,759,"zebrafish"
"00000043.png",518,494,579,548,"zebrafish"
"00000043.png",631,427,714,445,"zebrafish"
"00000043.png",388,416,439,481,"zebrafish"
"00000043.png",718,295,758,362,"zebrafish"
"00000043.png",789,265,861,289,"zebrafish"
"00000043.png",211,226,275,271,"zebrafish"
"00000043.png",387,119,467,143,"zebrafish"
"00000044.png",317,866,387,917,"zebrafish"
"00000044.png",753,749,770,817,"zebrafish"
"00000044.png",602,714,647,787,"zebrafish"
"00000044.png",391,705,462,734,"zebrafish"
"00000044.png",230,690,266,759,"zebrafish"
"00000044.png",518,494,579,548,"zebrafish"
"00000044.png",631,427,714,445,"zebrafish"
"00000044.png",387,422,436,481,"zebrafish"
"00000044.png",718,295,758,362,"zebrafish"
"00000044.png",783,265,856,294,"zebrafish"
"00000044.png",205,226,276,275,"zebrafish"
"00000044.png",387,119,466,143,"zebrafish"
"00000045.png",317,867,386,917,"zebrafish"
"00000045.png",753,750,771,817,"zebrafish"
"00000045.png",602,714,645,786,"zebrafish"
"00000045.png",392,706,462,735,"zebrafish"
"00000045.png",230,690,266,760,"zebrafish"
"00000045.png",517,493,579,548,"zebrafish"
"00000045.png",631,427,714,445,"zebrafish"
"00000045.png",387,418,440,481,"zebrafish"
"00000045.png",718,295,758,362,"zebrafish"
"00000045.png",778,264,851,289,"zebrafish"
"00000045.png",211,226,276,271,"zebrafish"
"00000045.png",394,119,467,142,"zebrafish"
"00000046.png",317,866,386,917,"zebrafish"
"00000046.png",753,752,770,816,"zebrafish"
"00000046.png",605,724,645,764,"zebrafish"
"00000046.png",391,705,461,734,"zebrafish"
"00000046.png",230,690,266,760,"zebrafish"
"00000046.png",518,494,579,548,"zebrafish"
"00000046.png",631,427,714,445,"zebrafish"
"00000046.png",388,419,439,482,"zebrafish"
"00000046.png",718,295,758,362,"zebrafish"
"00000046.png",774,263,848,292,"zebrafish"
"00000046.png",205,225,277,275,"zebrafish"
"00000046.png",394,119,467,141,"zebrafish"
"00000047.png",317,866,387,917,"zebrafish"
"00000047.png",753,749,770,816,"zebrafish"
"00000047.png",603,728,655,764,"zebrafish"
"00000047.png",391,705,461,735,"zebrafish"
"00000047.png",230,689,266,760,"zebrafish"
"00000047.png",517,494,579,548,"zebrafish"
"00000047.png",631,427,714,445,"zebrafish"
"00000047.png",387,418,440,481,"zebrafish"
"00000047.png",718,295,758,362,"zebrafish"
"00000047.png",773,262,847,292,"zebrafish"
"00000047.png",211,225,277,271,"zebrafish"
"00000047.png",394,119,466,142,"zebrafish"
"00000048.png",317,866,386,917,"zebrafish"
"00000048.png",753,749,770,817,"zebrafish"
"00000048.png",595,724,661,764,"zebrafish"
"00000048.png",391,705,461,734,"zebrafish"
"00000048.png",231,690,266,760,"zebrafish"
"00000048.png",517,493,579,548,"zebrafish"
"00000048.png",631,427,714,445,"zebrafish"
"00000048.png",387,416,442,482,"zebrafish"
"00000048.png",718,295,758,362,"zebrafish"
"00000048.png",772,262,847,292,"zebrafish"
"00000048.png",206,225,277,274,"zebrafish"
"00000048.png",395,119,466,142,"zebrafish"
"00000049.png",316,866,386,917,"zebrafish"
"00000049.png",753,749,770,817,"zebrafish"
"00000049.png",587,725,652,764,"zebrafish"
"00000049.png",391,705,461,734,"zebrafish"
"00000049.png",231,688,266,760,"zebrafish"
"00000049.png",518,494,579,548,"zebrafish"
"00000049.png",631,428,714,445,"zebrafish"
"00000049.png",387,420,439,481,"zebrafish"
"00000049.png",718,295,758,362,"zebrafish"
"00000049.png",771,262,847,293,"zebrafish"
"00000049.png",206,225,277,274,"zebrafish"
"00000049.png",389,119,467,143,"zebrafish"
"00000050.png",317,866,386,917,"zebrafish"
"00000050.png",753,752,770,817,"zebrafish"
"00000050.png",582,739,651,771,"zebrafish"
"00000050.png",391,705,461,735,"zebrafish"
"00000050.png",231,688,266,760,"zebrafish"
"00000050.png",518,495,579,548,"zebrafish"
"00000050.png",644,421,708,454,"zebrafish"
"00000050.png",388,418,441,481,"zebrafish"
"00000050.png",718,295,758,362,"zebrafish"
"00000050.png",771,262,847,293,"zebrafish"
"00000050.png",205,225,277,275,"zebrafish"
"00000050.png",394,119,467,142,"zebrafish"
"00000051.png",316,866,386,918,"zebrafish"
"00000051.png",753,752,771,817,"zebrafish"
"00000051.png",574,732,646,770,"zebrafish"
"00000051.png",391,705,461,734,"zebrafish"
"00000051.png",232,691,266,760,"zebrafish"
"00000051.png",517,494,579,548,"zebrafish"
"00000051.png",387,416,443,481,"zebrafish"
"00000051.png",663,414,699,447,"zebrafish"
"00000051.png",718,295,759,362,"zebrafish"
"00000051.png",771,261,847,293,"zebrafish"
"00000051.png",207,225,277,274,"zebrafish"
"00000051.png",393,119,467,142,"zebrafish"
"00000052.png",316,869,382,918,"zebrafish"
"00000052.png",753,750,771,816,"zebrafish"
"00000052.png",570,741,644,772,"zebrafish"
"00000052.png",391,705,461,734,"zebrafish"
"00000052.png",231,686,266,760,"zebrafish"
"00000052.png",517,494,579,548,"zebrafish"
"00000052.png",388,417,442,482,"zebrafish"
"00000052.png",654,406,702,448,"zebrafish"
"00000052.png",718,295,758,362,"zebrafish"
"00000052.png",770,261,846,293,"zebrafish"
"00000052.png",211,225,277,271,"zebrafish"
"00000052.png",393,119,467,142,"zebrafish"
"00000053.png",317,866,386,917,"zebrafish"
"00000053.png",753,752,770,817,"zebrafish"
"00000053.png",562,737,636,773,"zebrafish"
"00000053.png",391,705,463,734,"zebrafish"
"00000053.png",236,689,270,755,"zebrafish"
"00000053.png",518,494,579,548,"zebrafish"
"00000053.png",388,420,440,481,"zebrafish"
"00000053.png",646,411,715,456,"zebrafish"
"00000053.png",718,294,758,362,"zebrafish"
"00000053.png",770,261,843,293,"zebrafish"
"00000053.png",211,225,277,271,"zebrafish"
"00000053.png",388,119,467,143,"zebrafish"
"00000054.png",317,866,386,918,"zebrafish"
"00000054.png",753,751,770,817,"zebrafish"
"00000054.png",557,747,633,775,"zebrafish"
"00000054.png",227,708,268,747,"zebrafish"
"00000054.png",391,704,461,734,"zebrafish"
"00000054.png",517,495,579,548,"zebrafish"
"00000054.png",387,417,443,482,"zebrafish"
"00000054.png",637,413,702,459,"zebrafish"
"00000054.png",718,295,758,362,"zebrafish"
"00000054.png",770,261,843,293,"zebrafish"
"00000054.png",206,225,277,274,"zebrafish"
"00000054.png",393,119,467,142,"zebrafish"
"00000055.png",317,869,383,917,"zebrafish"
"00000055.png",753,751,771,817,"zebrafish"
"00000055.png",555,746,633,775,"zebrafish"
"00000055.png",221,705,274,753,"zebrafish"
"00000055.png",391,704,461,734,"zebrafish"
"00000055.png",517,494,579,548,"zebrafish"
"00000055.png",633,420,699,465,"zebrafish"
"00000055.png",388,417,443,482,"zebrafish"
"00000055.png",718,295,759,362,"zebrafish"
"00000055.png",770,261,843,293,"zebrafish"
"00000055.png",207,225,277,274,"zebrafish"
"00000055.png",394,119,466,142,"zebrafish"
"00000056.png",317,866,386,918,"zebrafish"
"00000056.png",753,749,771,817,"zebrafish"
"00000056.png",554,746,633,775,"zebrafish"
"00000056.png",392,704,461,735,"zebrafish"
"00000056.png",221,700,280,742,"zebrafish"
"00000056.png",517,494,579,548,"zebrafish"
"00000056.png",628,417,695,468,"zebrafish"
"00000056.png",388,417,443,481,"zebrafish"
"00000056.png",718,294,759,362,"zebrafish"
"00000056.png",770,261,842,294,"zebrafish"
"00000056.png",211,225,277,271,"zebrafish"
"00000056.png",393,119,467,142,"zebrafish"
"00000057.png",317,869,382,917,"zebrafish"
"00000057.png",753,751,770,817,"zebrafish"
"00000057.png",552,746,632,775,"zebrafish"
"00000057.png",392,704,461,735,"zebrafish"
"00000057.png",229,698,286,750,"zebrafish"
"00000057.png",517,494,578,548,"zebrafish"
"00000057.png",626,418,694,471,"zebrafish"
"00000057.png",387,417,443,482,"zebrafish"
"00000057.png",718,295,759,362,"zebrafish"
"00000057.png",769,261,843,294,"zebrafish"
"00000057.png",211,225,278,271,"zebrafish"
"00000057.png",394,119,467,142,"zebrafish"
"00000058.png",317,866,386,917,"zebrafish"
"00000058.png",753,750,771,817,"zebrafish"
"00000058.png",552,746,631,775,"zebrafish"
"00000058.png",392,704,461,735,"zebrafish"
"00000058.png",227,697,289,735,"zebrafish"
"00000058.png",517,494,579,548,"zebrafish"
"00000058.png",626,420,690,472,"zebrafish"
"00000058.png",388,417,444,481,"zebrafish"
"00000058.png",718,295,759,362,"zebrafish"
"00000058.png",769,261,843,294,"zebrafish"
"00000058.png",211,225,277,271,"zebrafish"
"00000058.png",394,119,467,142,"zebrafish"
"00000059.png",317,869,382,917,"zebrafish"
"00000059.png",753,751,771,817,"zebrafish"
"00000059.png",551,746,631,776,"zebrafish"
"00000059.png",391,704,461,735,"zebrafish"
"00000059.png",229,695,293,738,"zebrafish"
"00000059.png",516,494,579,548,"zebrafish"
"00000059.png",625,420,689,474,"zebrafish"
"00000059.png",387,417,444,482,"zebrafish"
"00000059.png",718,295,759,362,"zebrafish"
"00000059.png",769,260,842,294,"zebrafish"
"00000059.png",211,225,277,271,"zebrafish"
"00000059.png",394,118,467,142,"zebrafish"
"00000060.png",317,866,386,917,"zebrafish"
"00000060.png",753,749,770,816,"zebrafish"
"00000060.png",551,746,630,776,"zebrafish"
"00000060.png",391,704,461,734,"zebrafish"
"00000060.png",230,693,296,737,"zebrafish"
"00000060.png",517,494,578,548,"zebrafish"
"00000060.png",625,421,687,475,"zebrafish"
"00000060.png",387,417,444,481,"zebrafish"
"00000060.png",718,295,759,362,"zebrafish"
"00000060.png",769,261,843,294,"zebrafish"
"00000060.png",211,225,278,271,"zebrafish"
"00000060.png",394,119,466,142,"zebrafish"
"00000061.png",317,866,386,917,"zebrafish"
"00000061.png",754,749,771,817,"zebrafish"
"00000061.png",550,746,630,776,"zebrafish"
"00000061.png",391,704,461,735,"zebrafish"
"00000061.png",230,692,298,733,"zebrafish"
"00000061.png",517,494,578,548,"zebrafish"
"00000061.png",624,420,687,476,"zebrafish"
"00000061.png",388,417,443,482,"zebrafish"
"00000061.png",718,295,759,362,"zebrafish"
"00000061.png",769,261,842,294,"zebrafish"
"00000061.png",206,225,277,274,"zebrafish"
"00000061.png",393,119,467,142,"zebrafish"
"00000062.png",317,866,386,917,"zebrafish"
"00000062.png",753,749,770,817,"zebrafish"
"00000062.png",550,746,630,776,"zebrafish"
"00000062.png",392,704,461,734,"zebrafish"
"00000062.png",232,692,298,732,"zebrafish"
"00000062.png",517,495,578,548,"zebrafish"
"00000062.png",623,422,685,477,"zebrafish"
"00000062.png",387,420,442,482,"zebrafish"
"00000062.png",718,295,759,362,"zebrafish"
"00000062.png",769,261,843,294,"zebrafish"
"00000062.png",211,225,278,271,"zebrafish"
"00000062.png",395,119,467,141,"zebrafish"
"00000063.png",317,866,386,917,"zebrafish"
"00000063.png",753,751,771,816,"zebrafish"
"00000063.png",550,747,628,776,"zebrafish"
"00000063.png",391,700,453,729,"zebrafish"
"00000063.png",230,692,298,732,"zebrafish"
"00000063.png",517,494,578,548,"zebrafish"
"00000063.png",623,422,685,477,"zebrafish"
"00000063.png",388,417,444,481,"zebrafish"
"00000063.png",718,295,759,362,"zebrafish"
"00000063.png",769,261,843,295,"zebrafish"
"00000063.png",211,225,277,271,"zebrafish"
"00000063.png",394,119,467,142,"zebrafish"
"00000064.png",317,866,386,917,"zebrafish"
"00000064.png",753,750,770,816,"zebrafish"
"00000064.png",549,749,622,776,"zebrafish"
"00000064.png",385,712,455,730,"zebrafish"
"00000064.png",230,692,299,732,"zebrafish"
"00000064.png",516,494,578,548,"zebrafish"
"00000064.png",623,419,687,478,"zebrafish"
"00000064.png",388,417,444,481,"zebrafish"
"00000064.png",718,295,759,362,"zebrafish"
"00000064.png",769,260,846,296,"zebrafish"
"00000064.png",211,225,278,271,"zebrafish"
"00000064.png",393,119,467,142,"zebrafish"
"00000065.png",317,869,382,917,"zebrafish"
"00000065.png",753,751,770,817,"zebrafish"
"00000065.png",549,746,629,776,"zebrafish"
"00000065.png",382,709,449,733,"zebrafish"
"00000065.png",229,692,299,732,"zebrafish"
"00000065.png",516,495,578,548,"zebrafish"
"00000065.png",622,419,687,479,"zebrafish"
"00000065.png",387,417,444,482,"zebrafish"
"00000065.png",718,295,759,362,"zebrafish"
"00000065.png",769,261,846,296,"zebrafish"
"00000065.png",211,225,278,271,"zebrafish"
"00000065.png",393,119,467,142,"zebrafish"
"00000066.png",317,869,383,917,"zebrafish"
"00000066.png",753,750,770,816,"zebrafish"
"00000066.png",549,749,622,776,"zebrafish"
"00000066.png",377,710,449,735,"zebrafish"
"00000066.png",227,691,299,732,"zebrafish"
"00000066.png",516,494,578,548,"zebrafish"
"00000066.png",622,418,687,479,"zebrafish"
"00000066.png",388,417,444,481,"zebrafish"
"00000066.png",718,295,759,362,"zebrafish"
"00000066.png",769,261,842,294,"zebrafish"
"00000066.png",211,225,278,271,"zebrafish"
"00000066.png",393,119,467,142,"zebrafish"
"00000067.png",317,869,382,917,"zebrafish"
"00000067.png",753,749,770,816,"zebrafish"
"00000067.png",548,749,622,776,"zebrafish"
"00000067.png",374,708,445,730,"zebrafish"
"00000067.png",227,692,300,732,"zebrafish"
"00000067.png",516,494,578,548,"zebrafish"
"00000067.png",387,420,442,481,"zebrafish"
"00000067.png",622,419,687,479,"zebrafish"
"00000067.png",718,295,759,362,"zebrafish"
"00000067.png",769,261,842,294,"zebrafish"
"00000067.png",211,225,278,271,"zebrafish"
"00000067.png",393,119,467,142,"zebrafish"
"00000068.png",317,869,382,917,"zebrafish"
"00000068.png",753,751,771,817,"zebrafish"
"00000068.png",548,749,622,776,"zebrafish"
"00000068.png",369,707,440,738,"zebrafish"
"00000068.png",227,691,300,732,"zebrafish"
"00000068.png",516,494,578,548,"zebrafish"
"00000068.png",386,421,436,479,"zebrafish"
"00000068.png",622,418,686,480,"zebrafish"
"00000068.png",718,295,759,362,"zebrafish"
"00000068.png",769,261,841,294,"zebrafish"
"00000068.png",211,225,278,271,"zebrafish"
"00000068.png",393,119,467,142,"zebrafish"
"00000069.png",317,868,383,917,"zebrafish"
"00000069.png",753,752,770,816,"zebrafish"
"00000069.png",548,749,622,776,"zebrafish"
"00000069.png",366,706,437,732,"zebrafish"
"00000069.png",227,691,300,732,"zebrafish"
"00000069.png",516,495,578,548,"zebrafish"
"00000069.png",384,437,448,486,"zebrafish"
"00000069.png",622,419,686,480,"zebrafish"
"00000069.png",718,295,759,362,"zebrafish"
"00000069.png",769,261,841,295,"zebrafish"
"00000069.png",211,225,278,271,"zebrafish"
"00000069.png",393,119,466,142,"zebrafish"
"00000070.png",317,866,386,917,"zebrafish"
"00000070.png",754,750,770,816,"zebrafish"
"00000070.png",548,749,622,776,"zebrafish"
"00000070.png",365,705,442,734,"zebrafish"
"00000070.png",227,691,300,732,"zebrafish"
"00000070.png",516,495,578,548,"zebrafish"
"00000070.png",379,424,433,487,"zebrafish"
"00000070.png",622,420,685,480,"zebrafish"
"00000070.png",718,295,759,362,"zebrafish"
"00000070.png",769,261,846,296,"zebrafish"
"00000070.png",211,225,278,271,"zebrafish"
"00000070.png",393,119,466,142,"zebrafish"
"00000071.png",317,868,383,917,"zebrafish"
"00000071.png",548,749,622,776,"zebrafish"
"00000071.png",753,746,771,816,"zebrafish"
"00000071.png",365,705,440,735,"zebrafish"
"00000071.png",227,691,300,732,"zebrafish"
"00000071.png",516,495,578,548,"zebrafish"
"00000071.png",375,436,434,492,"zebrafish"
"00000071.png",622,420,685,481,"zebrafish"
"00000071.png",718,295,759,362,"zebrafish"
"00000071.png",769,261,842,294,"zebrafish"
"00000071.png",211,225,278,271,"zebrafish"
"00000071.png",394,119,467,142,"zebrafish"
"00000072.png",317,868,383,917,"zebrafish"
"00000072.png",753,749,770,816,"zebrafish"
"00000072.png",548,749,622,776,"zebrafish"
"00000072.png",365,705,439,735,"zebrafish"
"00000072.png",227,691,301,731,"zebrafish"
"00000072.png",516,495,578,548,"zebrafish"
"00000072.png",373,440,434,495,"zebrafish"
"00000072.png",621,422,682,481,"zebrafish"
"00000072.png",718,295,759,362,"zebrafish"
"00000072.png",769,261,840,294,"zebrafish"
"00000072.png",211,222,268,264,"zebrafish"
"00000072.png",393,119,466,142,"zebrafish"
"00000073.png",317,868,383,917,"zebrafish"
"00000073.png",548,749,622,776,"zebrafish"
"00000073.png",753,746,771,816,"zebrafish"
"00000073.png",365,705,436,735,"zebrafish"
"00000073.png",227,691,301,731,"zebrafish"
"00000073.png",516,494,578,548,"zebrafish"
"00000073.png",373,439,433,495,"zebrafish"
"00000073.png",621,422,682,482,"zebrafish"
"00000073.png",718,294,759,362,"zebrafish"
"00000073.png",769,261,845,296,"zebrafish"
"00000073.png",232,226,268,269,"zebrafish"
"00000073.png",394,119,467,142,"zebrafish"
"00000074.png",317,868,383,917,"zebrafish"
"00000074.png",754,749,771,816,"zebrafish"
"00000074.png",548,749,622,776,"zebrafish"
"00000074.png",364,705,436,735,"zebrafish"
"00000074.png",227,691,301,731,"zebrafish"
"00000074.png",516,494,578,548,"zebrafish"
"00000074.png",372,438,431,496,"zebrafish"
"00000074.png",621,421,682,482,"zebrafish"
"00000074.png",718,295,759,362,"zebrafish"
"00000074.png",769,261,840,294,"zebrafish"
"00000074.png",231,225,270,280,"zebrafish"
"00000074.png",389,119,467,143,"zebrafish"
"00000075.png",317,868,382,917,"zebrafish"
"00000075.png",754,751,771,816,"zebrafish"
"00000075.png",548,749,622,776,"zebrafish"
"00000075.png",364,705,436,735,"zebrafish"
"00000075.png",227,691,301,731,"zebrafish"
"00000075.png",516,494,578,548,"zebrafish"
"00000075.png",372,440,431,496,"zebrafish"
"00000075.png",621,421,682,482,"zebrafish"
"00000075.png",718,295,759,362,"zebrafish"
"00000075.png",768,260,842,295,"zebrafish"
"00000075.png",230,221,273,286,"zebrafish"
"00000075.png",394,119,467,142,"zebrafish"
"00000076.png",317,868,382,917,"zebrafish"
"00000076.png",753,749,770,816,"zebrafish"
"00000076.png",547,749,622,776,"zebrafish"
"00000076.png",364,705,434,736,"zebrafish"
"00000076.png",227,691,301,731,"zebrafish"
"00000076.png",516,495,578,548,"zebrafish"
"00000076.png",372,441,430,495,"zebrafish"
"00000076.png",621,421,682,482,"zebrafish"
"00000076.png",718,295,759,362,"zebrafish"
"00000076.png",769,261,840,294,"zebrafish"
"00000076.png",226,220,272,287,"zebrafish"
"00000076.png",393,119,466,142,"zebrafish"
"00000077.png",317,865,384,914,"zebrafish"
"00000077.png",753,750,771,816,"zebrafish"
"00000077.png",547,749,622,776,"zebrafish"
"00000077.png",364,705,434,736,"zebrafish"
"00000077.png",229,691,301,730,"zebrafish"
"00000077.png",516,495,578,548,"zebrafish"
"00000077.png",372,441,430,495,"zebrafish"
"00000077.png",621,421,682,482,"zebrafish"
"00000077.png",718,295,759,362,"zebrafish"
"00000077.png",769,261,846,296,"zebrafish"
"00000077.png",224,220,275,283,"zebrafish"
"00000077.png",394,119,466,142,"zebrafish"
"00000078.png",319,870,368,910,"zebrafish"
"00000078.png",754,751,771,816,"zebrafish"
"00000078.png",547,749,619,776,"zebrafish"
"00000078.png",364,705,434,736,"zebrafish"
"00000078.png",227,691,301,731,"zebrafish"
"00000078.png",516,495,578,548,"zebrafish"
"00000078.png",372,441,430,495,"zebrafish"
"00000078.png",621,421,682,482,"zebrafish"
"00000078.png",717,294,759,362,"zebrafish"
"00000078.png",769,261,842,295,"zebrafish"
"00000078.png",224,219,279,285,"zebrafish"
"00000078.png",393,119,466,142,"zebrafish"
"00000079.png",328,877,368,915,"zebrafish"
"00000079.png",754,750,771,816,"zebrafish"
"00000079.png",547,749,622,776,"zebrafish"
"00000079.png",364,705,434,736,"zebrafish"
"00000079.png",230,691,301,729,"zebrafish"
"00000079.png",516,495,578,548,"zebrafish"
"00000079.png",372,441,430,496,"zebrafish"
"00000079.png",621,421,682,482,"zebrafish"
"00000079.png",718,295,759,362,"zebrafish"
"00000079.png",769,261,840,294,"zebrafish"
"00000079.png",223,219,275,282,"zebrafish"
"00000079.png",394,119,467,142,"zebrafish"
"00000080.png",325,870,376,922,"zebrafish"
"00000080.png",753,750,770,816,"zebrafish"
"00000080.png",547,749,622,776,"zebrafish"
"00000080.png",364,705,435,736,"zebrafish"
"00000080.png",227,691,301,730,"zebrafish"
"00000080.png",516,495,578,548,"zebrafish"
"00000080.png",372,440,431,495,"zebrafish"
"00000080.png",621,421,682,482,"zebrafish"
"00000080.png",716,293,759,362,"zebrafish"
"00000080.png",769,261,840,295,"zebrafish"
"00000080.png",223,219,278,281,"zebrafish"
"00000080.png",393,119,467,142,"zebrafish"
"00000081.png",318,866,364,929,"zebrafish"
"00000081.png",754,750,771,816,"zebrafish"
"00000081.png",547,749,619,776,"zebrafish"
"00000081.png",364,705,439,737,"zebrafish"
"00000081.png",231,691,301,728,"zebrafish"
"00000081.png",516,494,578,548,"zebrafish"
"00000081.png",372,440,432,495,"zebrafish"
"00000081.png",621,421,682,482,"zebrafish"
"00000081.png",718,295,759,362,"zebrafish"
"00000081.png",769,261,840,295,"zebrafish"
"00000081.png",223,219,280,283,"zebrafish"
"00000081.png",393,119,467,142,"zebrafish"
"00000082.png",318,860,370,914,"zebrafish"
"00000082.png",754,750,770,816,"zebrafish"
"00000082.png",547,749,622,776,"zebrafish"
"00000082.png",364,705,435,736,"zebrafish"
"00000082.png",231,691,301,729,"zebrafish"
"00000082.png",516,495,578,548,"zebrafish"
"00000082.png",372,440,432,495,"zebrafish"
"00000082.png",620,421,682,483,"zebrafish"
"00000082.png",718,295,759,362,"zebrafish"
"00000082.png",768,261,842,295,"zebrafish"
"00000082.png",223,219,280,284,"zebrafish"
"00000082.png",393,119,467,142,"zebrafish"
"00000083.png",311,854,360,917,"zebrafish"
"00000083.png",754,749,771,816,"zebrafish"
"00000083.png",547,749,622,776,"zebrafish"
"00000083.png",364,705,435,736,"zebrafish"
"00000083.png",230,691,301,729,"zebrafish"
"00000083.png",513,492,578,548,"zebrafish"
"00000083.png",372,440,432,495,"zebrafish"
"00000083.png",620,421,682,483,"zebrafish"
"00000083.png",718,295,759,362,"zebrafish"
"00000083.png",769,261,840,295,"zebrafish"
"00000083.png",223,219,279,282,"zebrafish"
"00000083.png",393,120,466,143,"zebrafish"
"00000084.png",308,851,358,913,"zebrafish"
"00000084.png",754,750,771,817,"zebrafish"
"00000084.png",547,749,619,776,"zebrafish"
"00000084.png",364,705,434,736,"zebrafish"
"00000084.png",230,691,301,728,"zebrafish"
"00000084.png",513,492,578,548,"zebrafish"
"00000084.png",372,441,431,495,"zebrafish"
"00000084.png",620,421,682,483,"zebrafish"
"00000084.png",718,295,759,362,"zebrafish"
"00000084.png",768,261,840,295,"zebrafish"
"00000084.png",224,219,282,285,"zebrafish"
"00000084.png",405,120,465,150,"zebrafish"
"00000085.png",307,849,357,917,"zebrafish"
"00000085.png",753,749,771,816,"zebrafish"
"00000085.png",547,749,619,776,"zebrafish"
"00000085.png",364,705,434,737,"zebrafish"
"00000085.png",230,691,301,728,"zebrafish"
"00000085.png",516,495,578,548,"zebrafish"
"00000085.png",372,441,431,495,"zebrafish"
"00000085.png",620,421,682,483,"zebrafish"
"00000085.png",718,295,759,362,"zebrafish"
"00000085.png",769,261,840,295,"zebrafish"
"00000085.png",224,219,277,280,"zebrafish"
"00000085.png",404,116,469,144,"zebrafish"
"00000086.png",306,848,356,910,"zebrafish"
"00000086.png",547,749,619,776,"zebrafish"
"00000086.png",754,746,770,816,"zebrafish"
"00000086.png",364,705,439,738,"zebrafish"
"00000086.png",230,691,301,728,"zebrafish"
"00000086.png",516,495,578,548,"zebrafish"
"00000086.png",372,440,432,495,"zebrafish"
"00000086.png",620,421,682,484,"zebrafish"
"00000086.png",718,296,759,362,"zebrafish"
"00000086.png",768,261,840,295,"zebrafish"
"00000086.png",224,219,279,283,"zebrafish"
"00000086.png",402,119,470,148,"zebrafish"
"00000087.png",306,847,356,910,"zebrafish"
"00000087.png",754,749,771,816,"zebrafish"
"00000087.png",546,749,622,776,"zebrafish"
"00000087.png",364,705,436,737,"zebrafish"
"00000087.png",230,691,301,728,"zebrafish"
"00000087.png",516,495,578,548,"zebrafish"
"00000087.png",372,441,431,495,"zebrafish"
"00000087.png",620,421,682,484,"zebrafish"
"00000087.png",718,295,759,362,"zebrafish"
"00000087.png",768,261,840,295,"zebrafish"
"00000087.png",224,220,278,281,"zebrafish"
"00000087.png",407,113,472,148,"zebrafish"
"00000088.png",306,847,359,914,"zebrafish"
"00000088.png",753,750,771,816,"zebrafish"
"00000088.png",546,749,622,776,"zebrafish"
"00000088.png",364,705,438,738,"zebrafish"
"00000088.png",229,691,301,729,"zebrafish"
"00000088.png",516,495,578,548,"zebrafish"
"00000088.png",372,439,433,495,"zebrafish"
"00000088.png",620,421,682,484,"zebrafish"
"00000088.png",716,293,759,362,"zebrafish"
"00000088.png",775,262,823,294,"zebrafish"
"00000088.png",224,220,278,282,"zebrafish"
"00000088.png",408,120,476,151,"zebrafish"
"00000089.png",305,847,356,910,"zebrafish"
"00000089.png",754,750,771,816,"zebrafish"
"00000089.png",547,749,619,776,"zebrafish"
"00000089.png",364,705,436,737,"zebrafish"
"00000089.png",227,691,301,730,"zebrafish"
"00000089.png",516,495,578,548,"zebrafish"
"00000089.png",372,441,431,495,"zebrafish"
"00000089.png",620,421,682,484,"zebrafish"
"00000089.png",718,295,759,362,"zebrafish"
"00000089.png",785,255,815,298,"zebrafish"
"00000089.png",224,220,278,282,"zebrafish"
"00000089.png",414,112,477,151,"zebrafish"
"00000090.png",305,847,356,909,"zebrafish"
"00000090.png",547,749,622,776,"zebrafish"
"00000090.png",754,739,772,816,"zebrafish"
"00000090.png",364,704,437,738,"zebrafish"
"00000090.png",230,691,301,728,"zebrafish"
"00000090.png",516,495,578,548,"zebrafish"
"00000090.png",372,440,432,495,"zebrafish"
"00000090.png",620,421,682,484,"zebrafish"
"00000090.png",716,293,759,362,"zebrafish"
"00000090.png",787,246,815,303,"zebrafish"
"00000090.png",224,220,281,286,"zebrafish"
"00000090.png",417,120,479,152,"zebrafish"
"00000091.png",305,847,356,909,"zebrafish"
"00000091.png",745,753,778,813,"zebrafish"
"00000091.png",546,749,622,776,"zebrafish"
"00000091.png",363,703,430,740,"zebrafish"
"00000091.png",230,691,301,728,"zebrafish"
"00000091.png",516,495,578,548,"zebrafish"
"00000091.png",372,440,432,495,"zebrafish"
"00000091.png",620,421,682,484,"zebrafish"
"00000091.png",714,288,759,362,"zebrafish"
"00000091.png",785,247,810,318,"zebrafish"
"00000091.png",224,220,278,281,"zebrafish"
"00000091.png",417,114,482,154,"zebrafish"
"00000092.png",305,846,356,909,"zebrafish"
"00000092.png",741,750,778,813,"zebrafish"
"00000092.png",546,749,622,776,"zebrafish"
"00000092.png",359,701,428,735,"zebrafish"
"00000092.png",230,691,301,728,"zebrafish"
"00000092.png",516,495,578,548,"zebrafish"
"00000092.png",372,440,432,495,"zebrafish"
"00000092.png",620,421,682,484,"zebrafish"
"00000092.png",718,295,759,362,"zebrafish"
"00000092.png",791,259,815,328,"zebrafish"
"00000092.png",224,220,279,283,"zebrafish"
"00000092.png",420,119,483,155,"zebrafish"
"00000093.png",305,846,356,909,"zebrafish"
"00000093.png",546,749,619,776,"zebrafish"
"00000093.png",739,744,778,817,"zebrafish"
"00000093.png",357,698,425,736,"zebrafish"
"00000093.png",230,691,301,728,"zebrafish"
"00000093.png",516,495,578,548,"zebrafish"
"00000093.png",372,440,432,496,"zebrafish"
"00000093.png",620,421,682,484,"zebrafish"
"00000093.png",718,294,759,362,"zebrafish"
"00000093.png",788,265,810,336,"zebrafish"
"00000093.png",224,220,278,281,"zebrafish"
"00000093.png",417,117,484,155,"zebrafish"
"00000094.png",305,846,356,909,"zebrafish"
"00000094.png",742,755,781,818,"zebrafish"
"00000094.png",546,749,619,776,"zebrafish"
"00000094.png",352,697,414,742,"zebrafish"
"00000094.png",230,691,301,728,"zebrafish"
"00000094.png",516,495,578,548,"zebrafish"
"00000094.png",372,440,432,495,"zebrafish"
"00000094.png",620,421,682,484,"zebrafish"
"00000094.png",718,295,759,362,"zebrafish"
"00000094.png",790,268,815,344,"zebrafish"
"00000094.png",224,220,278,282,"zebrafish"
"00000094.png",418,117,484,156,"zebrafish"
"00000095.png",305,846,356,909,"zebrafish"
"00000095.png",735,764,782,819,"zebrafish"
"00000095.png",546,749,619,776,"zebrafish"
"00000095.png",350,695,418,733,"zebrafish"
"00000095.png",230,691,301,728,"zebrafish"
"00000095.png",516,495,578,548,"zebrafish"
"00000095.png",373,440,432,495,"zebrafish"
"00000095.png",620,421,682,484,"zebrafish"
"00000095.png",718,295,759,362,"zebrafish"
"00000095.png",788,274,816,349,"zebrafish"
"00000095.png",222,225,268,282,"zebrafish"
"00000095.png",419,117,484,156,"zebrafish"
"00000096.png",305,846,356,909,"zebrafish"
"00000096.png",731,760,783,821,"zebrafish"
"00000096.png",546,749,622,776,"zebrafish"
"00000096.png",349,694,413,739,"zebrafish"
"00000096.png",230,691,301,728,"zebrafish"
"00000096.png",516,495,578,548,"zebrafish"
"00000096.png",372,440,432,495,"zebrafish"
"00000096.png",620,421,682,484,"zebrafish"
"00000096.png",717,293,759,362,"zebrafish"
"00000096.png",787,279,811,354,"zebrafish"
"00000096.png",225,231,271,267,"zebrafish"
"00000096.png",419,117,484,156,"zebrafish"
"00000097.png",305,846,356,909,"zebrafish"
"00000097.png",739,759,785,822,"zebrafish"
"00000097.png",546,749,619,776,"zebrafish"
"00000097.png",348,694,413,738,"zebrafish"
"00000097.png",230,691,301,728,"zebrafish"
"00000097.png",516,495,578,548,"zebrafish"
"00000097.png",372,440,432,495,"zebrafish"
"00000097.png",620,421,682,484,"zebrafish"
"00000097.png",718,294,759,361,"zebrafish"
"00000097.png",785,283,813,355,"zebrafish"
"00000097.png",225,230,277,261,"zebrafish"
"00000097.png",418,117,483,156,"zebrafish"
"00000098.png",305,846,356,909,"zebrafish"
"00000098.png",732,764,786,823,"zebrafish"
"00000098.png",546,749,622,776,"zebrafish"
"00000098.png",348,694,413,738,"zebrafish"
"00000098.png",230,691,301,728,"zebrafish"
"00000098.png",516,495,578,548,"zebrafish"
"00000098.png",372,440,432,495,"zebrafish"
"00000098.png",620,421,682,484,"zebrafish"
"00000098.png",719,310,758,355,"zebrafish"
"00000098.png",784,285,813,359,"zebrafish"
"00000098.png",218,226,285,263,"zebrafish"
"00000098.png",418,117,483,155,"zebrafish"
"00000099.png",305,846,356,909,"zebrafish"
"00000099.png",738,771,786,823,"zebrafish"
"00000099.png",546,749,619,776,"zebrafish"
"00000099.png",348,694,412,738,"zebrafish"
"00000099.png",230,691,301,728,"zebrafish"
"00000099.png",513,493,578,548,"zebrafish"
"00000099.png",373,440,432,495,"zebrafish"
"00000099.png",620,421,682,484,"zebrafish"
"00000099.png",714,332,741,375,"zebrafish"
"00000099.png",783,288,813,361,"zebrafish"
"00000099.png",216,231,281,269,"zebrafish"
"00000099.png",419,117,483,156,"zebrafish"
"00000100.png",305,846,356,909,"zebrafish"
"00000100.png",732,763,786,824,"zebrafish"
"00000100.png",546,749,619,776,"zebrafish"
"00000100.png",348,694,412,738,"zebrafish"
"00000100.png",230,691,301,728,"zebrafish"
"00000100.png",513,492,578,548,"zebrafish"
"00000100.png",372,440,432,495,"zebrafish"
"00000100.png",620,421,682,484,"zebrafish"
"00000100.png",712,335,745,385,"zebrafish"
"00000100.png",783,289,813,363,"zebrafish"
"00000100.png",213,222,281,270,"zebrafish"
"00000100.png",419,117,483,155,"zebrafish"
